"","level_id","data_type","estimand","sigma","tau","n_time_points","n_ind_per_cluster","n_extra_time_points","true_model","analysis_model","n_reps","n_clusters","ICC","true_tate","mean_est","mean_est_se","mean_est_var","monte_carlo_se","bias_est","bias_est_pct","MSE","CP","Power","RMSE","precision"
"1",1,"normal","CTATE",1,0.333333333333333,10,30,0,"CTI","IT/ATE",1000,18,0.1,1.325,0.999817126021941,0.0546258081991067,0.00298430442416122,0.0479452931941203,-0.325182873978059,-24.5421036964573,0.108040353916961,0,1,0.328694925298461,335.086458306299
"2",2,"normal","CTATE",1,0.333333333333333,10,30,0,"CTI","ETI/ETATE",1000,18,0.1,1.325,-0.0323967342243494,0.797498974410382,0.636076748095445,0.0809367582586355,-1.35739673422435,-102.445036545234,1.84907010216151,0.995,0,1.35980517066288,1.5721373293305
"3",3,"normal","CTATE",1,0.333333333333333,10,30,0,"CTI","CTI/CTATE",1000,18,0.1,1.325,1.32558799361826,0.391378097623409,0.153193699831113,0.0498602578447931,0.000587993618262677,0.0443768768500134,0.00248390500353202,1,1,0.0498387901491602,6.5276835868736
