"","level_id","data_type","estimand","sigma","tau","n_time_points","n_ind_per_cluster","n_extra_time_points","true_model","analysis_model","n_reps","n_clusters","ICC","true_tate","mean_est","mean_est_se","mean_est_var","monte_carlo_se","bias_est","bias_est_pct","MSE","CP","Power","RMSE","precision"
"1",1,"normal","IT",1,0.333333333333333,10,30,0,"IT","IT/ATE",1000,18,0.1,6,6.00025159860376,0.0470835682038181,0.00221710815680771,0.0468185224194557,0.000251598603761081,0.00419331006268468,0.00218984536935694,0.943,1,0.0467957836707213,451.037986996469
"2",2,"normal","IT",1,0.333333333333333,10,30,0,"IT","ETI/ETATE",1000,18,0.1,6,6.00096932579946,0.691845734389662,0.478819490874651,0.0776553896475595,0.000969325799461942,0.0161554299910324,0.00602526877427848,1,1,0.0776226047893169,2.08846970321387
"3",3,"normal","IT",1,0.333333333333333,10,30,0,"IT","CTI/CTATE",1000,18,0.1,6,5.99909415776271,0.391030173722113,0.152922834480328,0.049624334010178,-0.000905842237290931,-0.0150973706215155,0.00246093250158662,1,1,0.049607786703164,6.5392457797311
